1623527999999,35892.63000000,35947.43000000,35685.00000000,35730.00000000,1529.73957100
1623531599999,35730.01000000,36143.93000000,35730.01000000,35994.49000000,2060.57329400
1623535199999,35994.50000000,36042.16000000,35763.30000000,35817.20000000,1578.75917300
1623538799999,35817.19000000,35998.97000000,35529.42000000,35693.62000000,2105.28636000
1623542399999,35693.62000000,35868.38000000,35420.32000000,35546.11000000,1479.88495900
1623545999999,35546.12000000,35777.77000000,35342.14000000,35712.36000000,2028.40821000
1623549599999,35712.07000000,35926.96000000,35664.38000000,35785.05000000,1466.10573100
1623553199999,35785.04000000,35849.98000000,35404.26000000,35464.48000000,2066.85398300
1623556799999,35464.49000000,35472.78000000,34816.02000000,34867.80000000,4149.96560800
1623560399999,34867.81000000,35262.00000000,34757.00000000,35187.99000000,2458.40904600
1623563999999,35188.00000000,35214.29000000,34834.25000000,34981.48000000,1883.08965300
1623567599999,34981.48000000,35411.43000000,34887.01000000,35378.25000000,2620.54249600
1623571199999,35378.25000000,35499.86000000,35242.75000000,35280.02000000,1949.46672100
1623574799999,35282.02000000,35772.38000000,35171.55000000,35629.65000000,2773.14651000
1623578399999,35629.64000000,35899.54000000,35500.00000000,35832.98000000,2340.54572400
1623581999999,35835.62000000,36098.14000000,35710.00000000,35970.51000000,3029.80744900
1623585599999,35970.52000000,36099.00000000,35738.37000000,35904.03000000,2557.82866500
1623589199999,35904.02000000,36150.00000000,35787.36000000,35886.14000000,2947.01097100
1623592799999,35886.15000000,36084.12000000,35771.58000000,35879.99000000,2095.35756000
1623596399999,35880.00000000,36019.23000000,35670.00000000,35761.30000000,2347.41971900
1623599999999,35757.25000000,36076.64000000,35725.12000000,36034.97000000,2015.91032500
1623603599999,36034.96000000,37197.86000000,35970.00000000,37029.57000000,9069.66993200
1623607199999,37029.57000000,37489.75000000,36848.22000000,37300.00000000,5284.28164500
1623610799999,37300.00000000,37628.23000000,37260.00000000,37493.87000000,4330.32835600
1623614399999,37493.87000000,37750.14000000,37270.00000000,37650.00000000,3380.32787700
1623617999999,37650.00000000,39380.00000000,37636.18000000,39250.00000000,15118.02788800
1623621599999,39249.99000000,39300.00000000,38790.00000000,38899.51000000,4590.97680800
1623625199999,38899.52000000,39079.90000000,38700.00000000,38875.66000000,3787.53104000
1623628799999,38873.24000000,39177.38000000,38725.01000000,39020.57000000,2630.01363800
1623632399999,39020.56000000,39252.00000000,38770.00000000,39122.18000000,4283.75116700
1623635999999,39122.19000000,39800.00000000,38938.55000000,39176.62000000,8242.99304600
1623639599999,39176.61000000,39299.91000000,38850.66000000,38977.75000000,3462.87719000
1623643199999,38979.45000000,39081.63000000,38730.00000000,38975.14000000,3025.91918300
1623646799999,38975.14000000,39360.00000000,38782.34000000,39258.44000000,2743.09831400
1623650399999,39258.43000000,39603.13000000,39120.00000000,39403.78000000,3494.41709900
1623653999999,39403.79000000,39700.00000000,39162.98000000,39609.26000000,3769.14055100
1623657599999,39609.25000000,39677.00000000,39440.00000000,39555.24000000,2633.20222200
1623661199999,39555.25000000,39629.01000000,38820.00000000,39008.27000000,4391.33651200
1623664799999,39008.25000000,39500.00000000,38967.72000000,39097.00000000,4401.60596300
1623668399999,39097.00000000,39400.00000000,39034.00000000,39325.02000000,2575.08582700
1623671999999,39325.02000000,39449.25000000,39126.80000000,39166.33000000,2113.86793400
1623675599999,39166.33000000,39635.88000000,39040.00000000,39590.87000000,4534.47325600
1623679199999,39590.87000000,40826.32000000,39525.74000000,40538.24000000,14027.73330100
1623682799999,40537.59000000,41064.05000000,40400.00000000,40543.46000000,9144.15918400
1623686399999,40543.46000000,40740.03000000,40430.32000000,40685.37000000,4563.00951800
1623689999999,40685.37000000,40740.03000000,39813.00000000,40159.97000000,8344.28560100
1623693599999,40159.97000000,40319.75000000,39950.45000000,40217.39000000,3483.88286800
1623697199999,40217.39000000,40277.55000000,39657.00000000,39732.81000000,3507.58632100
1623700799999,39732.82000000,39850.00000000,39323.10000000,39716.06000000,4610.07221500
1623704399999,39716.06000000,39958.87000000,39602.00000000,39820.97000000,2537.33021600
1623707999999,39820.97000000,40340.62000000,39820.97000000,40270.00000000,3470.77371500
1623711599999,40270.00000000,40400.00000000,40031.36000000,40166.21000000,2324.43679600
1623715199999,40166.21000000,40605.87000000,40085.69000000,40516.29000000,2837.35395000
1623718799999,40516.28000000,40900.00000000,40169.51000000,40355.88000000,4690.09909800
1623722399999,40355.89000000,40459.62000000,39856.60000000,39922.03000000,2292.44220000
1623725999999,39922.03000000,40391.64000000,39887.70000000,40256.41000000,2772.67429900
1623729599999,40256.41000000,40600.00000000,40252.12000000,40404.86000000,2349.57885800
1623733199999,40403.13000000,40580.00000000,40285.71000000,40504.71000000,2149.46465000
1623736799999,40504.71000000,40535.96000000,40204.20000000,40331.07000000,2181.59739700
1623740399999,40331.07000000,40512.49000000,40211.69000000,40282.94000000,2407.84252100
1623743999999,40282.94000000,40373.73000000,40100.00000000,40365.74000000,2182.77064100
1623747599999,40367.41000000,40400.00000000,39654.00000000,39798.22000000,4429.04529300
1623751199999,39798.22000000,40232.00000000,39531.00000000,40099.58000000,4084.27179400
1623754799999,40099.58000000,40200.00000000,39882.03000000,39916.68000000,2238.93864900
1623758399999,39916.67000000,40100.00000000,39672.86000000,39839.90000000,3110.92640900
1623761999999,39839.90000000,40450.00000000,39751.31000000,40417.84000000,3657.51215100
1623765599999,40419.86000000,40423.08000000,40145.97000000,40280.32000000,2759.68448400
1623769199999,40280.32000000,40333.08000000,39856.84000000,40001.88000000,3425.48012900
1623772799999,40000.32000000,40089.75000000,39720.00000000,40065.01000000,2827.40413000
1623776399999,40065.01000000,40278.00000000,39986.40000000,40182.26000000,2449.92864100
1623779999999,40182.26000000,40786.00000000,40127.66000000,40702.95000000,4706.62052200
1623783599999,40703.04000000,41330.00000000,40502.00000000,40598.57000000,8830.73826600
1623787199999,40598.57000000,40724.35000000,39768.00000000,39958.01000000,6525.45849600
1623790799999,39957.76000000,40219.61000000,39506.40000000,39950.20000000,5041.55997100
1623794399999,39950.21000000,40103.57000000,39841.58000000,39963.48000000,1677.09039200
1623797999999,39966.00000000,40200.95000000,39958.41000000,40126.46000000,1938.05739600
1623801599999,40126.45000000,40365.27000000,40080.48000000,40144.04000000,1950.43645100
1623805199999,40143.80000000,40154.34000000,39810.00000000,39880.03000000,2171.62873800
1623808799999,39880.04000000,40099.46000000,39610.00000000,40089.63000000,2152.35891500
1623812399999,40089.63000000,40181.95000000,39890.00000000,40045.22000000,1358.46190100
1623815999999,40045.22000000,40099.00000000,39824.28000000,40013.63000000,1514.02507900
1623819599999,40013.64000000,40441.25000000,39840.00000000,40272.77000000,4245.20501100
1623823199999,40272.77000000,40368.68000000,40150.06000000,40251.31000000,2959.24241700
1623826799999,40251.30000000,40527.14000000,40178.80000000,40392.23000000,3982.02358400
1623830399999,40392.22000000,40462.78000000,40041.00000000,40126.87000000,3478.07317200
1623833999999,40126.87000000,40260.14000000,39900.00000000,40040.85000000,2656.84143100
1623837599999,40042.92000000,40178.85000000,39880.00000000,39952.70000000,2432.48544300
1623841199999,39952.71000000,40063.88000000,39666.00000000,39756.43000000,3002.96695300
1623844799999,39756.43000000,39776.68000000,38877.46000000,39080.01000000,8069.54265000
1623848399999,39080.01000000,39195.00000000,38870.00000000,39063.55000000,4778.10275100
1623851999999,39063.56000000,39504.99000000,38957.56000000,39229.39000000,4262.11504200
1623855599999,39229.40000000,39368.74000000,38711.00000000,38843.75000000,3413.90385700
1623859199999,38843.74000000,38999.36000000,38565.00000000,38775.66000000,4009.45638900
1623862799999,38775.66000000,39311.74000000,38415.00000000,38668.03000000,5843.13685100
1623866399999,38668.04000000,39240.00000000,38526.88000000,39170.46000000,3234.27678700
1623869999999,39170.64000000,39735.52000000,38301.68000000,38709.35000000,10585.70266400
1623873599999,38709.35000000,39091.17000000,38650.00000000,38680.11000000,3451.60881300
1623877199999,38680.10000000,38885.46000000,38450.48000000,38534.96000000,2480.40676600
1623880799999,38534.96000000,38888.88000000,38423.01000000,38766.72000000,1940.17036500
1623884399999,38766.09000000,38925.00000000,38518.95000000,38558.24000000,2576.29265500
1623887999999,38558.24000000,38586.28000000,38116.01000000,38349.01000000,3173.94870300
1623891599999,38349.00000000,38659.31000000,38213.23000000,38624.13000000,2618.78734800
1623895199999,38624.13000000,38795.00000000,38541.10000000,38653.66000000,1863.23000700
1623898799999,38654.06000000,38863.15000000,38620.42000000,38705.35000000,2220.67154100
1623902399999,38707.19000000,38978.75000000,38704.78000000,38865.05000000,2282.46738300
1623905999999,38865.05000000,39095.36000000,38755.13000000,38802.73000000,2622.16445400
1623909599999,38801.06000000,38879.99000000,38644.40000000,38709.99000000,2284.62625400
1623913199999,38709.98000000,39294.73000000,38709.98000000,39245.38000000,3239.78446800
1623916799999,39245.39000000,39400.00000000,39119.99000000,39207.36000000,3248.15582400
1623920399999,39208.67000000,39417.50000000,39057.27000000,39276.72000000,3279.54369600
1623923999999,39276.72000000,39559.88000000,39144.00000000,39493.92000000,2824.47240800
1623927599999,39493.92000000,39541.96000000,39205.51000000,39257.26000000,2305.27496800
1623931199999,39257.26000000,39325.00000000,39105.51000000,39146.36000000,2437.90635400
1623934799999,39148.26000000,39195.90000000,38607.28000000,38782.92000000,5898.23102300
1623938399999,38782.93000000,38868.00000000,38630.00000000,38711.43000000,2768.92634700
1623941999999,38710.29000000,38960.00000000,38411.39000000,38899.98000000,4435.58141900
1623945599999,38899.98000000,39150.00000000,38773.00000000,39007.91000000,2858.35780100
1623949199999,39008.01000000,39111.56000000,38262.30000000,38508.51000000,5154.30873700
1623952799999,38508.50000000,38552.87000000,37600.00000000,37695.13000000,8561.36606400
1623956399999,37695.12000000,37910.00000000,37505.00000000,37749.76000000,4763.76331100
1623959999999,37749.75000000,37928.42000000,37642.25000000,37702.53000000,3121.29396100
1623963599999,37702.53000000,37872.92000000,37365.00000000,37755.66000000,3996.38418800
1623967199999,37755.28000000,37839.13000000,37519.99000000,37740.40000000,1873.10725800
1623970799999,37740.40000000,37968.48000000,37615.74000000,37954.49000000,2019.20789000
1623974399999,37954.50000000,38258.00000000,37831.50000000,38092.97000000,2863.69441500
1623977999999,38092.97000000,38202.84000000,37562.72000000,37675.50000000,2355.45397300
1623981599999,37675.51000000,37799.99000000,37492.90000000,37649.38000000,2136.23372300
1623985199999,37649.39000000,37910.51000000,37213.00000000,37779.69000000,4169.90603700
1623988799999,37779.71000000,38035.72000000,37737.02000000,37926.79000000,2524.50739200
1623992399999,37926.78000000,38148.11000000,37792.37000000,37920.85000000,2242.02742300
1623995999999,37920.85000000,38107.37000000,37513.55000000,37605.64000000,3509.38766200
1623999599999,37606.58000000,37744.85000000,37377.00000000,37453.90000000,2797.87803900
1624003199999,37453.89000000,37819.90000000,37450.02000000,37715.03000000,2262.78336300
1624006799999,37715.04000000,37966.98000000,37565.07000000,37877.98000000,2307.91222800
1624010399999,37877.99000000,37918.96000000,37451.12000000,37511.99000000,2847.84533700
1624013999999,37512.00000000,37864.56000000,37063.80000000,37836.94000000,6629.71902300
1624017599999,37836.94000000,38029.99000000,37660.38000000,37821.95000000,3338.64144600
1624021199999,37818.57000000,37948.55000000,37307.28000000,37433.91000000,3933.80384500
1624024799999,37433.92000000,37646.49000000,37019.00000000,37207.88000000,6133.60444500
1624028399999,37204.32000000,37299.00000000,36500.00000000,36670.39000000,8891.99051200
1624031999999,36670.39000000,36842.66000000,36278.50000000,36355.10000000,5262.80282300
1624035599999,36355.97000000,36818.44000000,36266.00000000,36591.75000000,4805.23707700
1624039199999,36591.75000000,36606.52000000,36200.34000000,36219.11000000,3586.86828300
1624042799999,36219.12000000,36361.13000000,35129.29000000,35289.53000000,9879.69452400
1624046399999,35289.52000000,35759.32000000,35180.71000000,35327.24000000,4698.28803900
1624049999999,35323.65000000,35866.32000000,35232.26000000,35497.97000000,4229.15555100
1624053599999,35497.97000000,35734.18000000,35372.36000000,35650.01000000,2515.57029000
1624057199999,35650.02000000,35664.28000000,35332.01000000,35620.18000000,1730.28680300
1624060799999,35620.18000000,35928.39000000,35388.24000000,35819.84000000,2438.44509700
1624064399999,35820.48000000,35937.05000000,35640.44000000,35744.10000000,2064.27767500
1624067999999,35744.10000000,36297.30000000,35713.26000000,36110.43000000,2852.70518200
1624071599999,36110.42000000,36226.21000000,35428.00000000,35491.18000000,2715.06469700
1624075199999,35491.18000000,35569.02000000,34803.52000000,35103.44000000,6532.10078200
1624078799999,35103.44000000,35562.59000000,34961.39000000,35185.51000000,4282.34489200
1624082399999,35185.48000000,35562.07000000,35185.48000000,35521.21000000,2671.80803100
1624085999999,35521.21000000,35873.90000000,35450.00000000,35773.58000000,3246.49755800
1624089599999,35773.58000000,35846.02000000,35437.50000000,35785.96000000,2378.30605500
1624093199999,35785.95000000,35950.00000000,35588.24000000,35797.45000000,2360.38441000
1624096799999,35797.46000000,35912.99000000,35565.76000000,35646.61000000,2168.10323400
1624100399999,35646.63000000,35897.11000000,35561.81000000,35699.65000000,2277.87918700
1624103999999,35699.65000000,35995.00000000,35699.64000000,35940.22000000,2172.62511200
1624107599999,35940.22000000,36457.00000000,35621.59000000,35743.01000000,5888.09366600
1624111199999,35743.02000000,35911.12000000,35550.00000000,35769.31000000,2555.06511000
1624114799999,35769.31000000,36300.00000000,35766.60000000,36242.68000000,3897.42761200
1624118399999,36241.56000000,36350.00000000,35850.00000000,36114.85000000,2666.64460000
1624121999999,36114.85000000,36210.00000000,35778.31000000,35889.28000000,2460.59026500
1624125599999,35889.28000000,35919.81000000,35634.56000000,35765.50000000,2326.92661900
1624129199999,35765.50000000,35765.50000000,35360.08000000,35509.89000000,3217.01645600
1624132799999,35509.89000000,36039.28000000,35496.84000000,35943.65000000,2371.38551900
1624136399999,35943.65000000,36200.00000000,35711.89000000,36104.15000000,2671.36608700
1624139999999,36101.33000000,36148.07000000,35834.54000000,35858.95000000,1291.82183600
1624143599999,35858.95000000,35889.82000000,35525.00000000,35557.01000000,1671.85663600
1624147199999,35557.01000000,35817.05000000,35394.75000000,35483.72000000,1972.15824000
1624150799999,35483.72000000,35668.53000000,35119.21000000,35383.66000000,2796.43194900
1624154399999,35383.66000000,35800.00000000,35331.02000000,35636.58000000,1997.74056400
1624157999999,35635.04000000,35636.65000000,35278.08000000,35597.46000000,1725.80717100
1624161599999,35596.99000000,35769.84000000,35454.93000000,35527.24000000,1540.75400500
1624165199999,35527.25000000,35891.41000000,35442.00000000,35801.46000000,2057.11399200
1624168799999,35801.45000000,35922.00000000,35699.67000000,35724.54000000,1405.51063200
1624172399999,35724.54000000,35760.26000000,35478.13000000,35508.22000000,1334.84288100
1624175999999,35507.81000000,35666.29000000,35363.02000000,35637.71000000,2500.97512100
1624179599999,35637.72000000,35693.88000000,35277.55000000,35334.72000000,2111.35062700
1624183199999,35332.31000000,35396.82000000,34868.84000000,34986.43000000,4693.53588100
1624186799999,34986.43000000,35011.19000000,33724.48000000,34086.81000000,11875.85775900
1624190399999,34086.80000000,34270.85000000,33750.00000000,33872.90000000,5623.44622400
1624193999999,33870.56000000,34013.24000000,33336.00000000,33922.17000000,8988.60927900
1624197599999,33922.17000000,34289.00000000,33823.94000000,33906.55000000,4737.36511700
1624201199999,33906.55000000,34332.37000000,33703.79000000,34316.81000000,4753.69712800
1624204799999,34318.16000000,34666.00000000,34303.52000000,34422.71000000,5257.56814200
1624208399999,34422.11000000,34688.00000000,34289.00000000,34577.99000000,3089.90874400
1624211999999,34578.00000000,34794.07000000,34422.06000000,34575.99000000,2704.94811800
1624215599999,34575.10000000,34991.01000000,34568.33000000,34940.45000000,2467.29958200
1624219199999,34940.45000000,35700.92000000,34836.90000000,35502.82000000,5173.27135700
1624222799999,35502.83000000,36137.72000000,35380.00000000,35822.37000000,5917.22379400
1624226399999,35822.36000000,35900.00000000,35500.00000000,35542.52000000,3082.55627700
1624229999999,35542.52000000,35790.00000000,35391.24000000,35650.10000000,2292.83854500
1624233599999,35650.10000000,35727.94000000,35460.00000000,35600.16000000,1749.51796100
1624237199999,35600.17000000,35750.00000000,35230.87000000,35575.15000000,2575.71574800
1624240799999,35575.16000000,35641.76000000,35206.23000000,35290.86000000,2255.67238200
1624244399999,35292.06000000,35464.84000000,34866.00000000,35141.67000000,3947.56417200
1624247999999,35141.67000000,35143.13000000,34566.82000000,34649.63000000,3269.22778800
1624251599999,34651.86000000,34725.82000000,33658.50000000,34243.89000000,8703.41849700
1624255199999,34243.90000000,34512.95000000,33779.00000000,34445.35000000,5135.36835400
1624258799999,34445.35000000,34600.00000000,32266.00000000,32776.44000000,15660.87233700
1624262399999,32776.44000000,33220.40000000,32612.68000000,33025.50000000,8863.79292000
1624265999999,33025.50000000,33440.39000000,32773.92000000,32891.59000000,6785.06823300
1624269599999,32891.58000000,33577.12000000,32083.22000000,33163.08000000,14824.49053900
1624273199999,33163.07000000,33270.67000000,32232.00000000,32360.00000000,9808.95374200
1624276799999,32355.06000000,32769.99000000,31710.00000000,32520.56000000,15452.41180300
1624280399999,32530.68000000,32821.47000000,32127.10000000,32285.19000000,8111.58203700
1624283999999,32285.18000000,33166.00000000,31927.91000000,33152.15000000,8740.64400400
1624287599999,33152.15000000,33222.22000000,32555.00000000,32882.25000000,5283.07612400
1624291199999,32883.64000000,33077.74000000,32353.15000000,32687.99000000,4831.25029000
1624294799999,32685.84000000,33000.00000000,32034.52000000,32177.94000000,7086.63304400
1624298399999,32177.87000000,32700.00000000,32100.00000000,32250.27000000,5021.15750600
1624301999999,32250.27000000,32948.31000000,32215.70000000,32782.47000000,4039.56633400
1624305599999,32782.46000000,32846.14000000,32263.56000000,32563.89000000,2784.60535900
1624309199999,32563.89000000,32800.00000000,32358.23000000,32571.10000000,2573.71083800
1624312799999,32568.71000000,32576.03000000,31330.00000000,31532.15000000,9524.62369700
1624316399999,31532.15000000,32300.00000000,31251.23000000,31276.53000000,7942.52004500
1624319999999,31276.53000000,32074.32000000,31274.41000000,31608.93000000,5556.94736600
1624323599999,31614.12000000,31886.00000000,31168.00000000,31783.14000000,7622.35781000
1624327199999,31783.14000000,33021.14000000,31780.01000000,32622.65000000,7908.41907700
1624330799999,32622.62000000,32925.20000000,32344.89000000,32903.24000000,3932.96887000
1624334399999,32903.24000000,33260.00000000,32655.82000000,33018.22000000,4446.06848200
1624337999999,33018.21000000,33109.81000000,32701.03000000,32910.85000000,2622.07195200
1624341599999,32910.84000000,33021.12000000,32479.00000000,32578.27000000,3097.90594900
1624345199999,32578.27000000,32870.00000000,32487.43000000,32860.62000000,2638.94751800
1624348799999,32859.61000000,32900.00000000,32553.01000000,32648.98000000,2479.88896500
1624352399999,32647.96000000,32658.63000000,31523.00000000,31720.88000000,8340.95325800
1624355999999,31720.87000000,31792.44000000,31200.28000000,31584.03000000,6953.91158300
1624359599999,31585.70000000,32222.22000000,31112.00000000,31797.50000000,10272.21293400
1624363199999,31797.50000000,31900.00000000,31200.00000000,31243.41000000,5543.17370500
1624366799999,31236.53000000,31310.57000000,29294.08000000,29895.08000000,34147.48362300
1624370399999,29890.83000000,30150.15000000,28805.00000000,29238.99000000,16509.39478000
1624373999999,29239.00000000,30840.00000000,29006.43000000,30567.93000000,17235.33243400
1624377599999,30567.92000000,31980.00000000,30317.47000000,31708.08000000,18167.95156300
1624381199999,31707.56000000,32818.55000000,31620.00000000,32512.02000000,16742.21486200
1624384799999,32512.02000000,32930.00000000,31968.39000000,32750.73000000,7739.55314000
1624388399999,32748.10000000,33298.78000000,32324.44000000,32986.40000000,7798.36156400
1624391999999,32986.41000000,33050.00000000,32137.68000000,32404.06000000,5091.41621800
1624395599999,32404.06000000,32987.00000000,32151.00000000,32885.09000000,4418.06660400
1624399199999,32893.50000000,32940.00000000,32150.00000000,32471.57000000,3574.70359700
1624402799999,32475.29000000,32719.57000000,32260.61000000,32582.56000000,2998.40290100
1624406399999,32582.57000000,32790.71000000,32150.00000000,32509.56000000,3926.41837300
1624409999999,32509.56000000,33850.00000000,31683.00000000,33653.33000000,14307.99412600
1624413599999,33653.32000000,34444.00000000,33540.13000000,34007.64000000,9426.97206900
1624417199999,34007.64000000,34187.04000000,33742.85000000,33812.11000000,5081.33403200
1624420799999,33812.12000000,34055.88000000,33680.00000000,33966.43000000,3886.34433700
1624424399999,33969.69000000,34286.20000000,33723.00000000,33800.00000000,4657.34088100
1624427999999,33800.00000000,34368.56000000,33574.11000000,34320.47000000,6246.15707000
1624431599999,34320.47000000,34392.10000000,33770.00000000,33880.88000000,4383.60299000
1624435199999,33880.89000000,34196.70000000,33818.57000000,33982.26000000,3153.32448500
1624438799999,33982.26000000,34264.57000000,33717.28000000,33735.90000000,5390.48954300
1624442399999,33735.05000000,34115.81000000,33650.21000000,33920.97000000,3962.64707400
1624445999999,33920.97000000,34298.52000000,33833.10000000,34218.48000000,3905.42267900
1624449599999,34218.49000000,34500.00000000,33845.00000000,33911.39000000,5083.20587300
1624453199999,33911.40000000,34200.00000000,33850.00000000,34199.98000000,3853.67773000
1624456799999,34199.99000000,34881.00000000,33877.26000000,33994.76000000,11307.99977500
1624460399999,33989.13000000,34195.14000000,33750.00000000,34057.99000000,4880.20386100
1624463999999,34058.00000000,34085.19000000,33400.30000000,33490.14000000,8223.99177900
1624467599999,33490.14000000,33947.17000000,33211.00000000,33685.30000000,5430.38827600
1624471199999,33688.58000000,33739.98000000,33501.00000000,33595.82000000,1856.69114100
1624474799999,33595.81000000,33595.81000000,32919.19000000,33292.58000000,5643.97246000
1624478399999,33292.57000000,33568.96000000,32870.99000000,32879.97000000,3758.59185100
1624481999999,32882.50000000,33295.79000000,32749.01000000,33045.78000000,4423.69468500
1624485599999,33045.77000000,33785.26000000,32985.50000000,33335.00000000,3332.77123000
1624489199999,33335.01000000,33587.00000000,33133.33000000,33469.85000000,2554.36909900
1624492799999,33469.76000000,33749.11000000,33251.00000000,33678.07000000,2214.91351700
1624496399999,33675.07000000,33879.99000000,33162.12000000,33186.98000000,3758.27421500
1624499999999,33186.99000000,33353.16000000,32527.05000000,32650.00000000,4329.79465100
1624503599999,32649.99000000,32870.34000000,32339.82000000,32495.26000000,3973.40921000
1624507199999,32495.25000000,32849.61000000,32368.77000000,32589.20000000,2672.90880200
1624510799999,32589.20000000,32785.70000000,32286.57000000,32546.38000000,3145.35940900
1624514399999,32546.39000000,33023.95000000,32480.00000000,32982.01000000,3428.69609400
1624517999999,32982.00000000,33206.79000000,32724.38000000,33005.23000000,2950.79518300
1624521599999,33005.23000000,33280.55000000,32768.81000000,32853.74000000,3526.20522200
1624525199999,32853.74000000,33399.86000000,32820.61000000,33388.55000000,3332.90613300
1624528799999,33388.56000000,33615.25000000,33209.95000000,33281.48000000,3272.66371400
1624532399999,33281.49000000,33410.00000000,33135.00000000,33233.00000000,2749.13163900
1624535999999,33230.65000000,33930.23000000,33230.64000000,33850.77000000,4151.63594300
1624539599999,33850.78000000,34260.00000000,33815.80000000,34064.92000000,5553.27812400
1624543199999,34067.16000000,34122.88000000,33756.04000000,34056.43000000,2843.82591200
1624546799999,34062.26000000,34160.00000000,33838.00000000,34052.91000000,2436.99117800
1624550399999,34052.91000000,34583.58000000,33850.41000000,33886.52000000,7896.69905300
1624553999999,33888.81000000,34528.00000000,33751.00000000,34519.11000000,5584.29179400
1624557599999,34519.11000000,35058.00000000,34519.11000000,34992.14000000,6924.13382000
1624561199999,34992.15000000,35298.00000000,34824.51000000,34884.14000000,4036.34768200
1624564799999,34884.14000000,34914.99000000,34688.00000000,34857.73000000,2125.95090600
1624568399999,34854.63000000,34999.09000000,34700.62000000,34858.07000000,1812.35967100
1624571999999,34858.07000000,34910.94000000,34652.01000000,34767.68000000,1434.51454100
1624575599999,34767.68000000,34832.00000000,34512.00000000,34754.35000000,3147.74947700
1624579199999,34754.35000000,34840.00000000,34540.00000000,34663.09000000,1537.88188700
1624582799999,34663.08000000,35145.00000000,34586.99000000,34590.51000000,3871.59166600
1624586399999,34590.59000000,34836.67000000,34251.00000000,34835.70000000,3742.94932900
1624589999999,34831.00000000,35500.00000000,34812.63000000,35162.99000000,5030.11664300
1624593599999,35162.99000000,35216.16000000,34816.32000000,35052.07000000,1989.43581800
1624597199999,35057.70000000,35100.00000000,34620.33000000,34775.51000000,1914.04213200
1624600799999,34775.62000000,34896.23000000,34310.81000000,34478.75000000,2847.67749500
1624604399999,34478.75000000,34583.24000000,34118.00000000,34426.30000000,3082.29778100
1624607999999,34426.29000000,34426.30000000,33961.48000000,34283.82000000,4650.54993900
1624611599999,34281.37000000,34397.05000000,33936.99000000,34292.52000000,3497.87740400
1624615199999,34292.52000000,34480.00000000,33720.00000000,33749.44000000,3995.30706700
1624618799999,33751.57000000,33955.08000000,33500.10000000,33759.40000000,3961.60152600
1624622399999,33759.41000000,33878.86000000,33234.37000000,33311.96000000,7790.76941200
1624625999999,33311.96000000,33600.77000000,32823.31000000,33093.89000000,7470.30483400
1624629599999,33093.88000000,33198.99000000,32640.27000000,32986.71000000,5495.39841200
1624633199999,32988.37000000,33448.00000000,32550.00000000,32789.23000000,7424.17392200
1624636799999,32793.81000000,32965.00000000,32351.00000000,32607.07000000,6478.28085100
1624640399999,32607.07000000,32910.64000000,31627.01000000,31946.09000000,11708.81477300
1624643999999,31942.50000000,32238.58000000,31500.00000000,31681.46000000,6599.33176000
1624647599999,31681.46000000,32295.81000000,31500.00000000,32088.12000000,5935.51935000
1624651199999,32088.13000000,32511.84000000,31730.01000000,32220.74000000,4151.86910800
1624654799999,32222.91000000,32369.00000000,31918.05000000,32199.99000000,2783.45702100
1624658399999,32200.00000000,32228.11000000,31553.93000000,31799.37000000,4255.44190500
1624661999999,31799.14000000,31975.98000000,31275.00000000,31423.32000000,4173.79370700
1624665599999,31423.32000000,32000.00000000,31380.74000000,31584.45000000,3210.52850100
1624669199999,31576.09000000,32222.00000000,31300.00000000,32000.00000000,5253.84155300
1624672799999,32000.00000000,32046.51000000,31519.00000000,31968.35000000,2521.20640200
1624676399999,31970.03000000,32082.46000000,31682.02000000,31943.48000000,1982.84519900
1624679999999,31943.49000000,32268.91000000,31933.08000000,31977.59000000,2309.05483400
1624683599999,31979.71000000,32436.20000000,31869.69000000,32354.36000000,2637.56775500
1624687199999,32355.98000000,32730.00000000,32090.00000000,32229.32000000,3124.17328000
1624690799999,32229.32000000,32436.49000000,31640.00000000,31731.25000000,3056.07340200
1624694399999,31731.25000000,31820.01000000,30573.77000000,30720.37000000,12242.08849500
1624697999999,30713.54000000,30878.95000000,30151.00000000,30412.23000000,9923.01519500
1624701599999,30411.84000000,31333.00000000,30277.00000000,31052.60000000,8203.01483300
1624705199999,31052.60000000,31278.00000000,30758.18000000,31096.10000000,4215.51353400
1624708799999,31096.11000000,31883.60000000,31089.22000000,31777.73000000,6145.80933900
1624712399999,31777.90000000,31985.00000000,31266.87000000,31283.90000000,5608.70725600
1624715999999,31280.69000000,31759.01000000,30754.32000000,30810.81000000,5407.25411200
1624719599999,30814.15000000,31457.56000000,30505.00000000,31253.72000000,6139.59802800
1624723199999,31253.71000000,31608.45000000,30927.40000000,31523.50000000,5035.76818600
1624726799999,31526.88000000,31556.92000000,30776.63000000,31248.16000000,4357.86180100
1624730399999,31248.16000000,31768.47000000,31038.49000000,31685.47000000,3561.61212600
1624733999999,31685.48000000,31910.00000000,31433.00000000,31590.27000000,3402.64948300
1624737599999,31590.27000000,31771.33000000,31452.19000000,31573.98000000,1871.91510400
1624741199999,31573.97000000,31639.56000000,31067.96000000,31300.83000000,2488.47865900
1624744799999,31300.83000000,31442.95000000,30905.78000000,31411.98000000,2522.75183900
1624748399999,31411.98000000,31800.00000000,31365.44000000,31768.88000000,2388.09323200
1624751999999,31768.88000000,32300.24000000,31628.01000000,32283.65000000,3421.48164000
1624755599999,32283.65000000,32650.00000000,31973.45000000,32369.29000000,6128.37309300
1624759199999,32369.27000000,32978.40000000,32263.21000000,32865.53000000,5886.51298800
1624762799999,32868.10000000,33200.00000000,32660.84000000,33096.10000000,4803.20868300
1624766399999,33096.10000000,33178.08000000,32752.10000000,33146.91000000,3223.56813400
1624769999999,33146.91000000,33333.00000000,32900.87000000,33142.74000000,2953.92642500
1624773599999,33145.53000000,33329.99000000,32811.90000000,32928.92000000,3792.65523200
1624777199999,32928.91000000,33210.00000000,32842.52000000,33080.22000000,2603.93089300
1624780799999,33080.23000000,33499.00000000,33015.12000000,33283.17000000,4407.64973000
1624784399999,33291.81000000,33451.00000000,32983.80000000,33019.94000000,3488.60343700
1624787999999,33019.95000000,33333.00000000,32431.80000000,32564.59000000,5562.30133900
1624791599999,32564.60000000,32827.25000000,32268.00000000,32699.10000000,4277.35657400
1624795199999,32699.10000000,33420.00000000,32570.14000000,33246.55000000,5096.31569400
1624798799999,33246.56000000,33574.32000000,33050.02000000,33313.42000000,3813.23929300
1624802399999,33318.69000000,33460.00000000,32922.90000000,33106.37000000,3415.99728700
1624805999999,33106.37000000,33285.29000000,32717.52000000,33256.74000000,3031.97704500
1624809599999,33256.74000000,33260.00000000,32868.69000000,33200.02000000,3047.06609600
1624813199999,33200.06000000,33400.00000000,32825.00000000,33009.58000000,3803.70012300
1624816799999,33008.26000000,33118.84000000,32870.96000000,33022.64000000,1592.55915000
1624820399999,33022.64000000,33022.64000000,32574.28000000,32720.01000000,3438.18511600
1624823999999,32720.01000000,32967.99000000,32574.67000000,32815.19000000,1578.90980300
1624827599999,32815.18000000,32947.38000000,32615.05000000,32627.03000000,1893.11118500
1624831199999,32627.00000000,32869.99000000,32357.13000000,32863.17000000,2381.35845300
1624834799999,32860.66000000,34599.00000000,32804.98000000,34406.39000000,11638.67068700
1624838399999,34406.38000000,34749.00000000,34189.28000000,34700.34000000,4754.06775100
1624841999999,34702.49000000,34972.28000000,34429.99000000,34554.79000000,5014.88496500
1624845599999,34554.79000000,34694.51000000,34256.00000000,34266.09000000,2864.92067200
1624849199999,34266.37000000,34651.00000000,34254.75000000,34402.66000000,2171.22241100
1624852799999,34402.66000000,34542.94000000,34314.48000000,34398.36000000,1999.22163900
1624856399999,34395.03000000,34548.15000000,34275.87000000,34353.09000000,1938.49725300
1624859999999,34355.99000000,34570.00000000,34350.00000000,34514.59000000,2129.52885600
1624863599999,34514.59000000,34824.00000000,34401.49000000,34520.28000000,2820.16257100
1624867199999,34520.27000000,35297.71000000,34466.92000000,35028.69000000,7504.91906200
1624870799999,35028.69000000,35172.21000000,34726.00000000,34885.09000000,4542.93371800
1624874399999,34885.09000000,34930.26000000,34300.00000000,34383.47000000,5214.24976500
1624877999999,34383.46000000,34488.00000000,33960.00000000,34187.26000000,5823.19067700
1624881599999,34187.26000000,34288.86000000,33970.30000000,34107.20000000,2841.85430400
1624885199999,34107.20000000,34500.00000000,33862.72000000,34425.09000000,5362.03356400
1624888799999,34425.09000000,34585.00000000,34160.01000000,34287.35000000,3724.38669400
1624892399999,34287.36000000,34540.00000000,34216.58000000,34344.86000000,2637.46674700
1624895999999,34344.86000000,35000.00000000,34295.75000000,34969.99000000,4944.91927800
1624899599999,34969.98000000,35030.92000000,34522.34000000,34641.62000000,4217.00947400
1624903199999,34641.62000000,34675.00000000,34045.03000000,34193.98000000,3560.86731100
1624906799999,34193.98000000,34305.97000000,33931.00000000,34168.22000000,2579.25230000
1624910399999,34168.21000000,34594.32000000,34108.61000000,34441.77000000,2834.23338800
1624913999999,34441.77000000,34798.00000000,34277.00000000,34665.94000000,2125.70587000
1624917599999,34665.94000000,34819.00000000,34537.98000000,34644.88000000,1641.38119200
1624921199999,34644.87000000,34644.87000000,34200.00000000,34422.00000000,2182.37288700
1624924799999,34422.00000000,34500.00000000,34112.03000000,34494.89000000,1547.05322100
1624928399999,34494.89000000,35169.56000000,34376.47000000,34902.66000000,4452.42590900
1624931999999,34905.06000000,35004.62000000,34522.01000000,34628.99000000,2372.72720700
1624935599999,34628.98000000,34847.35000000,34250.44000000,34312.62000000,2369.43459700
1624939199999,34312.62000000,34639.78000000,34225.43000000,34577.16000000,1465.74811600
1624942799999,34577.09000000,34967.69000000,34534.00000000,34860.97000000,2405.86398900
1624946399999,34860.98000000,35000.00000000,34549.63000000,34719.84000000,1957.95947600
1624949999999,34717.19000000,35400.00000000,34575.62000000,35332.62000000,4674.38295000
1624953599999,35332.51000000,35448.00000000,34767.09000000,34849.27000000,4864.16985400
1624957199999,34849.20000000,35244.33000000,34730.00000000,35052.88000000,3859.37072600
1624960799999,35052.88000000,35356.30000000,34850.00000000,35226.27000000,3773.86540400
1624964399999,35226.26000000,35768.90000000,35041.93000000,35632.62000000,5711.86041600
1624967999999,35632.61000000,35748.52000000,35483.67000000,35555.62000000,4772.53125700
1624971599999,35555.64000000,35999.87000000,35343.12000000,35822.33000000,9051.52891700
1624975199999,35822.33000000,36400.00000000,35724.72000000,36301.84000000,8122.16544600
1624978799999,36301.84000000,36428.00000000,36082.44000000,36240.00000000,3678.31532600
1624982399999,36243.75000000,36366.15000000,35925.00000000,36248.99000000,3909.56371300
1624985999999,36248.99000000,36500.00000000,36050.00000000,36341.89000000,4225.76460700
1624989599999,36341.89000000,36600.00000000,36140.00000000,36370.20000000,4479.20797100
1624993199999,36370.20000000,36395.00000000,36116.77000000,36280.85000000,2415.14262500
1624996799999,36280.85000000,36399.99000000,36205.01000000,36382.39000000,1488.35183100
1625000399999,36382.39000000,36488.70000000,36099.79000000,36156.04000000,3020.20216300
1625003999999,36156.03000000,36323.76000000,36106.46000000,36240.01000000,1982.91090000
1625007599999,36240.01000000,36268.96000000,35700.01000000,35925.00000000,3910.96685300
1625011199999,35924.99000000,36117.00000000,35828.00000000,35911.73000000,1824.33596700
1625014799999,35911.72000000,36100.00000000,35636.80000000,35878.45000000,2450.80477000
1625018399999,35878.44000000,35950.00000000,35730.00000000,35846.69000000,1288.55294200
1625021999999,35846.69000000,35916.33000000,35700.00000000,35800.00000000,1207.08191700
1625025599999,35799.99000000,35800.00000000,34936.00000000,35119.99000000,5688.64835400
1625029199999,35119.99000000,35290.97000000,34679.67000000,34755.23000000,4946.34564600
1625032799999,34755.44000000,34954.65000000,34666.00000000,34779.40000000,3616.40383900
1625036399999,34779.42000000,35147.66000000,34727.88000000,35009.63000000,3132.35719000
1625039999999,35013.96000000,35288.88000000,34881.95000000,35250.54000000,2700.56206200
1625043599999,35250.54000000,35333.33000000,34522.22000000,34591.32000000,3988.82481700
1625047199999,34591.32000000,34749.84000000,34401.01000000,34632.78000000,3988.25446500
1625050799999,34633.27000000,34885.84000000,34510.00000000,34740.01000000,3015.72371300
1625054399999,34740.01000000,34995.99000000,34558.99000000,34849.99000000,2898.72665900
1625057999999,34849.99000000,35010.85000000,34566.66000000,34638.23000000,3432.03882400
1625061599999,34638.40000000,34750.00000000,34459.41000000,34734.62000000,2332.10479400
1625065199999,34734.41000000,34824.35000000,34500.00000000,34598.83000000,2628.07017400
1625068799999,34598.83000000,34639.98000000,34083.92000000,34193.44000000,5538.09453900
1625072399999,34193.44000000,34368.85000000,34017.55000000,34117.06000000,3389.53045000
1625075999999,34117.06000000,34799.42000000,34110.00000000,34707.35000000,3195.14704000
1625079599999,34707.26000000,34899.00000000,34552.03000000,34821.99000000,2841.35099100
1625083199999,34821.99000000,34845.00000000,34660.90000000,34743.56000000,2702.03307100
1625086799999,34743.56000000,35088.78000000,34391.43000000,34580.40000000,3995.88147200
1625090399999,34580.40000000,35018.77000000,34580.00000000,34806.16000000,2886.29739600
1625093999999,34806.16000000,34930.59000000,34624.56000000,34892.37000000,1555.84030400
1625097599999,34893.07000000,35194.04000000,34890.64000000,35045.00000000,3733.52220500
1625101199999,35045.00000000,35057.57000000,34713.41000000,34727.83000000,2446.39319800
1625104799999,34727.83000000,35034.54000000,34716.13000000,34936.43000000,1416.54915900
1625108399999,34936.43000000,34966.53000000,34223.15000000,34299.59000000,3787.82493300
1625111999999,34299.58000000,34403.55000000,34120.00000000,34120.01000000,1797.40459900
1625115599999,34120.01000000,34338.03000000,34061.16000000,34330.34000000,1935.26655500
1625119199999,34330.34000000,34408.00000000,34170.46000000,34325.72000000,1379.83378300
1625122799999,34325.72000000,34467.09000000,33412.52000000,33511.24000000,5946.29534700
1625126399999,33507.15000000,33664.44000000,33312.52000000,33348.30000000,5990.28744300
1625129999999,33350.00000000,33545.00000000,33186.00000000,33475.72000000,3548.15563300
1625133599999,33475.73000000,33536.22000000,33112.14000000,33275.00000000,2919.50523100
1625137199999,33274.99000000,33389.01000000,33001.00000000,33183.12000000,3254.79589200
1625140799999,33183.12000000,33749.00000000,33164.51000000,33717.52000000,3648.16784400
1625144399999,33717.52000000,33917.93000000,33330.00000000,33655.24000000,3748.71358200
1625147999999,33655.25000000,33797.73000000,33380.46000000,33401.45000000,2293.37384200
1625151599999,33399.09000000,33610.00000000,33055.00000000,33206.48000000,4396.62832900
1625155199999,33206.47000000,33680.71000000,33160.02000000,33432.54000000,2841.45692900
1625158799999,33432.54000000,33546.28000000,33134.06000000,33151.60000000,3742.52746500
1625162399999,33151.57000000,33560.00000000,33100.64000000,33490.00000000,2348.30605600
1625165999999,33490.00000000,33654.49000000,33223.98000000,33325.50000000,2046.11147600
1625169599999,33325.49000000,33368.45000000,32711.00000000,33091.48000000,4662.53203600
1625173199999,33091.48000000,33468.00000000,33091.48000000,33412.79000000,2068.28763900
1625176799999,33410.13000000,33619.58000000,33228.42000000,33503.34000000,2366.33491300
1625180399999,33503.34000000,33648.14000000,33440.54000000,33546.60000000,1183.61393900
1625183999999,33546.60000000,33649.00000000,33280.01000000,33504.69000000,1939.90028900
1625187599999,33502.33000000,33977.04000000,33406.98000000,33774.68000000,2924.36699900
1625191199999,33774.68000000,33816.47000000,33230.00000000,33264.04000000,2123.92726000
1625194799999,33264.04000000,33344.00000000,33133.00000000,33265.55000000,2020.15188600
1625198399999,33262.05000000,33262.05000000,32767.74000000,32907.22000000,2725.27867300
1625201999999,32907.22000000,33187.19000000,32850.00000000,33149.07000000,1990.19887600
1625205599999,33149.07000000,33218.89000000,32700.00000000,32855.24000000,1992.03174400
1625209199999,32855.23000000,32999.00000000,32699.00000000,32957.53000000,2084.94789500
1625212799999,32957.53000000,33500.36000000,32882.83000000,33358.26000000,3104.27967000
1625216399999,33358.32000000,33620.00000000,33233.13000000,33372.83000000,2811.67426200
1625219999999,33372.83000000,33396.49000000,32864.32000000,32979.04000000,2776.08282400
1625223599999,32979.03000000,33092.65000000,32770.00000000,32997.94000000,2689.56482200
1625227199999,32997.95000000,33250.00000000,32832.00000000,33023.01000000,2360.23658700
1625230799999,33023.35000000,33345.40000000,32872.00000000,33238.22000000,3026.68379600
1625234399999,33238.22000000,33568.00000000,33101.02000000,33480.01000000,3963.56914500
1625237999999,33480.00000000,33724.34000000,33288.58000000,33667.44000000,3475.03897900
1625241599999,33667.45000000,33713.00000000,33372.13000000,33704.91000000,2447.12677700
1625245199999,33704.90000000,33795.16000000,33420.02000000,33597.07000000,2391.30359900
1625248799999,33597.07000000,33677.95000000,33360.00000000,33460.86000000,1574.71357700
1625252399999,33460.85000000,33476.74000000,33232.52000000,33290.01000000,1438.14165100
1625255999999,33288.79000000,33348.20000000,33109.76000000,33327.71000000,1625.58636900
1625259599999,33327.71000000,33331.55000000,33041.65000000,33133.21000000,1240.92973700
1625263199999,33133.21000000,33502.91000000,33088.40000000,33452.22000000,1498.22881900
1625266799999,33452.23000000,33730.42000000,33401.18000000,33703.04000000,1560.86265600
1625270399999,33703.04000000,33898.95000000,33630.10000000,33786.55000000,2327.25477500
1625273999999,33786.54000000,33914.60000000,33440.58000000,33526.82000000,1762.35126300
1625277599999,33526.82000000,33760.00000000,33499.99000000,33674.52000000,1256.69478100
1625281199999,33673.57000000,33685.00000000,33472.76000000,33526.09000000,1072.28382200
1625284799999,33526.09000000,33570.81000000,33316.73000000,33524.47000000,1382.02406300
1625288399999,33524.48000000,33691.60000000,33444.25000000,33665.52000000,1028.76848800
1625291999999,33665.52000000,33800.00000000,33583.03000000,33707.99000000,1490.94647500
1625295599999,33707.98000000,33846.15000000,33642.10000000,33682.16000000,1257.90880300
1625299199999,33682.17000000,34663.48000000,33590.04000000,34499.54000000,5336.75234500
1625302799999,34499.53000000,34651.21000000,34406.00000000,34515.25000000,3222.80884200
1625306399999,34515.25000000,34780.00000000,34472.67000000,34633.64000000,3228.86454800
1625309999999,34633.64000000,34707.58000000,34523.93000000,34603.39000000,1576.45509600
1625313599999,34603.40000000,34629.34000000,34435.53000000,34608.04000000,1694.73220700
1625317199999,34608.04000000,34816.50000000,34482.27000000,34543.97000000,1902.10374800
1625320799999,34543.97000000,34710.00000000,34470.00000000,34706.30000000,1452.08594500
